t_start_s,t_end_s,gt_frames,tp_frames,fp_frames,fn_frames,precision,recall,mean_iou
0.0,10.0,0,0,127,0,0.0,0.0,
10.0,20.0,0,0,160,0,0.0,0.0,
20.0,30.0,0,0,244,0,0.0,0.0,
30.0,40.0,0,0,181,0,0.0,0.0,
40.0,50.0,0,0,210,0,0.0,0.0,
50.0,60.0,0,0,206,0,0.0,0.0,
60.0,70.0,0,0,219,0,0.0,0.0,
70.0,80.0,0,0,221,0,0.0,0.0,
80.0,90.0,0,0,176,0,0.0,0.0,
90.0,100.0,0,0,91,0,0.0,0.0,
100.0,110.0,0,0,201,0,0.0,0.0,
110.0,120.0,0,0,223,0,0.0,0.0,
120.0,130.0,0,0,249,0,0.0,0.0,
130.0,140.0,0,0,246,0,0.0,0.0,
140.0,150.0,0,0,237,0,0.0,0.0,
150.0,160.0,0,0,119,0,0.0,0.0,
160.0,170.0,0,0,161,0,0.0,0.0,
170.0,180.0,0,0,38,0,0.0,0.0,
180.0,190.0,0,0,81,0,0.0,0.0,
190.0,192.12,0,0,18,0,0.0,0.0,
