epoch,time,train/giou_loss,train/cls_loss,train/l1_loss,metrics/precision(B),metrics/recall(B),metrics/mAP50(B),metrics/mAP50-95(B),val/giou_loss,val/cls_loss,val/l1_loss,lr/pg0,lr/pg1,lr/pg2
1,906.708,0.7189,0.96026,0.31333,0.73114,0.6397,0.72463,0.42493,0.44961,0.5278,0.17581,0.00333275,0.00333275,0.00333275
2,1783.42,0.69371,0.6154,0.26521,0.77487,0.64903,0.73913,0.4207,0.46521,0.52317,0.1817,0.00644611,0.00644611,0.00644611
3,2652.6,0.78563,0.5889,0.28236,0.79426,0.59781,0.68446,0.36743,0.57664,0.5174,0.20787,0.00933946,0.00933946,0.00933946
4,3512.08,0.82838,0.57668,0.29559,0.74785,0.62342,0.68848,0.38215,0.52937,0.51138,0.19767,0.00901,0.00901,0.00901
5,4373.6,0.80915,0.57362,0.28357,0.78728,0.60737,0.68441,0.37754,0.54669,0.48573,0.20215,0.00868,0.00868,0.00868
6,5234.53,0.78963,0.57223,0.27755,0.76328,0.64621,0.71566,0.38896,0.5221,0.48929,0.19717,0.00835,0.00835,0.00835
7,6099.13,0.77399,0.56158,0.26778,0.74222,0.66061,0.69621,0.39625,0.52152,0.48915,0.18648,0.00802,0.00802,0.00802
8,6959.92,0.75444,0.55982,0.25861,0.77568,0.65415,0.70543,0.39582,0.52495,0.47957,0.18893,0.00769,0.00769,0.00769
9,7821.13,0.73394,0.55851,0.25328,0.74481,0.66961,0.73705,0.41477,0.47897,0.51541,0.18375,0.00736,0.00736,0.00736
10,8701.99,0.71966,0.55613,0.24865,0.77915,0.65525,0.72512,0.40712,0.49907,0.47526,0.18853,0.00703,0.00703,0.00703
11,9579.16,0.70371,0.54973,0.24087,0.74972,0.67908,0.74449,0.43065,0.45645,0.48559,0.17803,0.0067,0.0067,0.0067
12,10455.5,0.67774,0.55349,0.23489,0.75484,0.68538,0.74949,0.44288,0.44766,0.4804,0.17849,0.00637,0.00637,0.00637
13,11699,0.67498,0.54455,0.231,0.77389,0.71396,0.76396,0.44794,0.44764,0.47118,0.17489,0.00604,0.00604,0.00604
14,13262.8,0.65389,0.54238,0.22529,0.7739,0.69136,0.75933,0.44682,0.44752,0.46637,0.17132,0.00571,0.00571,0.00571
15,14815.5,0.63778,0.5448,0.22053,0.7713,0.71275,0.77511,0.45844,0.42449,0.47005,0.17255,0.00538,0.00538,0.00538
16,15824.3,0.62317,0.54309,0.21778,0.76676,0.72392,0.77259,0.45576,0.43823,0.47036,0.17204,0.00505,0.00505,0.00505
17,16726.8,0.61163,0.53683,0.20994,0.76765,0.72305,0.77454,0.46194,0.43559,0.45569,0.17091,0.00472,0.00472,0.00472
18,17616.3,0.61982,0.5386,0.21677,0.74906,0.7139,0.76765,0.45974,0.42844,0.47661,0.17262,0.00439,0.00439,0.00439
19,18527.5,0.61256,0.53189,0.21259,0.7397,0.74394,0.77952,0.46629,0.42167,0.46646,0.17215,0.00406,0.00406,0.00406
20,19413.1,0.62001,0.53304,0.21512,0.77057,0.69409,0.77339,0.46921,0.41667,0.46915,0.1703,0.00373,0.00373,0.00373
21,20298.3,0.62065,0.47861,0.21252,0.75186,0.70656,0.77054,0.46183,0.42275,0.47302,0.17354,0.0034,0.0034,0.0034
22,21183,0.59154,0.46611,0.20152,0.77085,0.71435,0.77142,0.46462,0.42061,0.46898,0.17834,0.00307,0.00307,0.00307
23,22326.3,0.55917,0.45847,0.19467,0.75412,0.74347,0.78044,0.46869,0.42668,0.45363,0.17905,0.00274,0.00274,0.00274
24,23336.9,0.5623,0.46482,0.19473,0.76217,0.72243,0.77519,0.47063,0.42182,0.46447,0.1799,0.00241,0.00241,0.00241
25,24196,0.54762,0.48302,0.19147,0.76697,0.71697,0.7776,0.47322,0.42773,0.47413,0.17926,0.00208,0.00208,0.00208
26,25054.4,0.53591,0.45923,0.18285,0.75289,0.73711,0.77653,0.47244,0.43203,0.46389,0.18348,0.00175,0.00175,0.00175
27,25914,0.51121,0.44521,0.17584,0.75929,0.73301,0.77327,0.46875,0.43617,0.46062,0.18814,0.00142,0.00142,0.00142
28,26772.4,0.48511,0.43513,0.16638,0.73655,0.75282,0.77088,0.46833,0.43286,0.46272,0.18902,0.00109,0.00109,0.00109
29,27633,0.47901,0.42937,0.16443,0.7316,0.75567,0.76973,0.46799,0.43027,0.4654,0.18628,0.00076,0.00076,0.00076
30,28494.2,0.45507,0.44812,0.15783,0.75601,0.72993,0.76456,0.46763,0.43086,0.47566,0.18586,0.00043,0.00043,0.00043
