model,mode,seed,best_epoch,P_best,R_best,mAP50_best,mAP5095_best,P_last,R_last,mAP50_last,mAP5095_last
YOLO11m,full_frame,42,30,0.79396,0.73677,0.80053,0.50479,0.79396,0.73677,0.80053,0.50479
YOLO11m,full_frame,123,28,0.81024,0.72448,0.79743,0.50403,0.80176,0.72994,0.79390,0.50066
YOLO11m,full_frame,2025,29,0.79213,0.74223,0.79846,0.50340,0.79866,0.73404,0.79710,0.50303
YOLO11m,sahi_sliced,42,25,0.81710,0.80838,0.86703,0.57898,0.81271,0.82314,0.86169,0.57742
YOLO11m,sahi_sliced,123,23,0.79927,0.81991,0.86065,0.57275,0.79809,0.82917,0.85565,0.57005
YOLO11m,sahi_sliced,2025,27,0.81303,0.81667,0.86268,0.57160,0.81060,0.81947,0.86005,0.57046
YOLO11s,full_frame,42,30,0.78436,0.72772,0.79232,0.49042,0.78436,0.72772,0.79232,0.49042
YOLO11s,full_frame,123,30,0.80231,0.71936,0.78939,0.49320,0.80231,0.71936,0.78939,0.49320
YOLO11s,full_frame,2025,29,0.78475,0.73233,0.78808,0.48772,0.78006,0.74053,0.78793,0.48761
YOLO11s,sahi_sliced,42,26,0.79400,0.81710,0.85695,0.55685,0.80200,0.82155,0.85686,0.55622
YOLO11s,sahi_sliced,123,28,0.80374,0.80655,0.85386,0.55901,0.80833,0.80709,0.85275,0.55825
YOLO11s,sahi_sliced,2025,24,0.79633,0.80579,0.85169,0.55638,0.79352,0.81425,0.84722,0.55455
